[{"model": "caselog.psworker", "pk": 1, "fields": {"fullname": "Ahmed Alrajeh", "phone": "01122545585", "email": "ahmed@gmail.com", "age": 33, "gender": "Male", "nationality": "Syria", "team": "NC", "user": 2, "profilepic": "Capture2.PNG"}}, {"model": "caselog.psworker", "pk": 2, "fields": {"fullname": "Maha Osman", "phone": "01022545585", "email": "maha@gmail.com", "age": 35, "gender": "Female", "nationality": "Sudan", "team": "NC", "user": 3, "profilepic": ""}}, {"model": "caselog.psworker", "pk": 6, "fields": {"fullname": "Malak Dalal", "phone": "01122556485", "email": "malak@gmail.com", "age": 30, "gender": "Female", "nationality": "Syria", "team": "NC", "user": 5, "profilepic": ""}}, {"model": "caselog.psworker", "pk": 7, "fields": {"fullname": "Mohamed Ghassan", "phone": "01224535435354", "email": "mohamed@gmail.com", "age": 30, "gender": "Male", "nationality": "Syria", "team": "Cairo", "user": 8, "profilepic": ""}}, {"model": "caselog.psworker", "pk": 8, "fields": {"fullname": "Chol Anyuan", "phone": "555.756.4453", "email": "chol@gmail.com", "age": 33, "gender": "Male", "nationality": "S. Sudan", "team": "Cairo", "user": 4, "profilepic": ""}}, {"model": "caselog.psworker", "pk": 9, "fields": {"fullname": "Anas Haswa", "phone": "555.756.4453", "email": "anas@gmail.com", "age": 35, "gender": "Male", "nationality": "Syria", "team": "NC", "user": 9, "profilepic": ""}}, {"model": "caselog.psworker", "pk": 10, "fields": {"fullname": "Abdi Osobow", "phone": "01122556485", "email": "abdi@gmail.com", "age": 40, "gender": "Male", "nationality": "S. Sudan", "team": "Cairo", "user": 7, "profilepic": ""}}, {"model": "caselog.case", "pk": 2, "fields": {"filenum": "940-19C00001", "psworkers": [1]}}, {"model": "caselog.case", "pk": 4, "fields": {"filenum": "940-19C00002", "psworkers": [1]}}, {"model": "caselog.case", "pk": 20, "fields": {"filenum": "940-19C00003", "psworkers": []}}, {"model": "caselog.case", "pk": 21, "fields": {"filenum": "940-19C00004", "psworkers": []}}, {"model": "caselog.case", "pk": 22, "fields": {"filenum": "940-19C00004", "psworkers": []}}, {"model": "caselog.case", "pk": 23, "fields": {"filenum": "940-19C00004", "psworkers": []}}, {"model": "caselog.case", "pk": 24, "fields": {"filenum": "686-13C02767", "psworkers": []}}, {"model": "caselog.case", "pk": 25, "fields": {"filenum": "740-16C00008", "psworkers": []}}, {"model": "caselog.case", "pk": 26, "fields": {"filenum": "740-15C00370", "psworkers": []}}, {"model": "caselog.case", "pk": 27, "fields": {"filenum": "740-20C00053", "psworkers": []}}, {"model": "caselog.case", "pk": 28, "fields": {"filenum": "686-13C02892", "psworkers": []}}, {"model": "caselog.case", "pk": 29, "fields": {"filenum": "740-15C00315", "psworkers": []}}, {"model": "caselog.case", "pk": 30, "fields": {"filenum": "740-17C01659", "psworkers": []}}, {"model": "caselog.case", "pk": 31, "fields": {"filenum": "555555555555", "psworkers": []}}, {"model": "caselog.case", "pk": 32, "fields": {"filenum": "555555555555", "psworkers": []}}, {"model": "caselog.case", "pk": 33, "fields": {"filenum": "666666666666", "psworkers": []}}, {"model": "caselog.case", "pk": 34, "fields": {"filenum": "444444444444", "psworkers": []}}, {"model": "caselog.case", "pk": 35, "fields": {"filenum": "940-19C00007", "psworkers": []}}, {"model": "caselog.case", "pk": 36, "fields": {"filenum": "453", "psworkers": []}}, {"model": "caselog.case", "pk": 37, "fields": {"filenum": "940-19C00009", "psworkers": []}}, {"model": "caselog.case", "pk": 38, "fields": {"filenum": "940-19C00010", "psworkers": []}}, {"model": "caselog.case", "pk": 39, "fields": {"filenum": "940-19C00011", "psworkers": []}}, {"model": "caselog.case", "pk": 40, "fields": {"filenum": "940-19C00012", "psworkers": []}}, {"model": "caselog.logentry", "pk": 1, "fields": {"month": "January", "filenumber": "914-20C00001", "casestatus": "New", "casetype": "Individual", "fullname": "Mervat Hakim", "age": 50, "gender": "Female", "nationality": "Syria", "phone": "012055252544", "location": "Alexandria", "referralsource": "SCI", "psworker": 1}}, {"model": "caselog.logentry", "pk": 2, "fields": {"month": "January", "filenumber": "914-20C00003", "casestatus": "New", "casetype": "Individual", "fullname": "Ahmed Nour", "age": 29, "gender": "Male", "nationality": "Syria", "phone": "011054356852", "location": "Alexandria", "referralsource": "UNHCR", "psworker": 1}}, {"model": "caselog.logentry", "pk": 3, "fields": {"month": "January", "filenumber": "914-20C00002", "casestatus": "New", "casetype": "Individual", "fullname": "Amira Abdellatief", "age": 34, "gender": "Female", "nationality": "Sudan", "phone": "010537532888", "location": "Alexandria", "referralsource": "Community", "psworker": 1}}, {"model": "caselog.logentry", "pk": 4, "fields": {"month": "February", "filenumber": "914-20C00001", "casestatus": "Ongoing", "casetype": "Individual", "fullname": "Mervat Hakim", "age": 50, "gender": "Female", "nationality": "Syria", "phone": "012055252555", "location": "Alexandria", "referralsource": "IOM", "psworker": 1}}, {"model": "caselog.logentry", "pk": 5, "fields": {"month": "February", "filenumber": "914-20C00003", "casestatus": "Ongoing", "casetype": "Individual", "fullname": "Ahmed Nour", "age": 29, "gender": "Male", "nationality": "Syria", "phone": "011054356852", "location": "Alexandria", "referralsource": "StARS", "psworker": 1}}, {"model": "caselog.logentry", "pk": 6, "fields": {"month": "February", "filenumber": "914-20C00002", "casestatus": "Ongoing", "casetype": "Individual", "fullname": "Amira Abdellatief", "age": 34, "gender": "Female", "nationality": "Sudan", "phone": "010537532777", "location": "Alexandria", "referralsource": "StARS", "psworker": 1}}, {"model": "caselog.logentry", "pk": 7, "fields": {"month": "March", "filenumber": "914-20C00001", "casestatus": "New", "casetype": "Individual", "fullname": "Mervat Hakim", "age": 50, "gender": "Female", "nationality": "Syria", "phone": "012055252535", "location": "Alexandria", "referralsource": "IOM", "psworker": 1}}, {"model": "caselog.logentry", "pk": 8, "fields": {"month": "March", "filenumber": "914-20C00003", "casestatus": "New", "casetype": "Individual", "fullname": "Ahmed Nour", "age": 29, "gender": "Male", "nationality": "Syria", "phone": "011054356852", "location": "Alexandria", "referralsource": "StARS", "psworker": 1}}, {"model": "caselog.logentry", "pk": 9, "fields": {"month": "March", "filenumber": "914-20C00002", "casestatus": "New", "casetype": "Individual", "fullname": "Amira Abdellatief", "age": 34, "gender": "Female", "nationality": "Sudan", "phone": "010537532575", "location": "Alexandria", "referralsource": "StARS", "psworker": 1}}, {"model": "caselog.logentry", "pk": 11, "fields": {"month": "January", "filenumber": "914-20C00005", "casestatus": "Ongoing", "casetype": "Family", "fullname": "MOHMED ABJI", "age": 13, "gender": "Male", "nationality": "Eritrea", "phone": "015456786876", "location": "Alexandria", "referralsource": "Egypt Refuge", "psworker": 1}}, {"model": "caselog.logentry", "pk": 12, "fields": {"month": "April", "filenumber": "914-20C00006", "casestatus": "Ongoing", "casetype": "Family", "fullname": "Ahmed Turjman", "age": 41, "gender": "Male", "nationality": "Comoros", "phone": "011542542111", "location": "Alexandria", "referralsource": "Tdh", "psworker": 1}}, {"model": "caselog.logentry", "pk": 14, "fields": {"month": "April", "filenumber": "914-20C00007", "casestatus": "New", "casetype": "Individual", "fullname": "WALID MOUALEM", "age": 3, "gender": "Male", "nationality": "Yemen", "phone": "011757856822", "location": "Alexandria", "referralsource": "Tdh", "psworker": 1}}, {"model": "caselog.logentry", "pk": 15, "fields": {"month": "April", "filenumber": "914-20C00011", "casestatus": "Ongoing", "casetype": "Individual", "fullname": "nyalang dhuor", "age": 17, "gender": "Female", "nationality": "Somalia", "phone": "011546876588", "location": "Alexandria", "referralsource": "IOM", "psworker": 1}}, {"model": "caselog.logentry", "pk": 16, "fields": {"month": "March", "filenumber": "914-20C00012", "casestatus": "Ongoing", "casetype": "Individual", "fullname": "mazen alhajjar", "age": 24, "gender": "Male", "nationality": "Iraq", "phone": "01085112334", "location": "Alexandria", "referralsource": "Egypt Refuge", "psworker": 1}}, {"model": "caselog.logentry", "pk": 17, "fields": {"month": "February", "filenumber": "914-20C00013", "casestatus": "New", "casetype": "Individual", "fullname": "Alaa fahad", "age": 55, "gender": "Female", "nationality": "Iraq", "phone": "01142719745", "location": "Alexandria", "referralsource": "Community", "psworker": 1}}, {"model": "caselog.logentry", "pk": 18, "fields": {"month": "January", "filenumber": "914-20C00014", "casestatus": "Ongoing", "casetype": "Individual", "fullname": "Samir sukr", "age": 50, "gender": "Male", "nationality": "Cameron", "phone": "01143000030", "location": "Damietta", "referralsource": "SCI", "psworker": 6}}, {"model": "caselog.logentry", "pk": 23, "fields": {"month": "January", "filenumber": "914-20C00015", "casestatus": "New", "casetype": "Individual", "fullname": "Shady Ahned", "age": 30, "gender": "Male", "nationality": "Sudan", "phone": "0152582525456", "location": "Alexandria", "referralsource": "Community", "psworker": 2}}, {"model": "caselog.logentry", "pk": 24, "fields": {"month": "February", "filenumber": "914-20C00016", "casestatus": "New", "casetype": "Individual", "fullname": "Ahmed Gharib", "age": 23, "gender": "Male", "nationality": "Ethiopia", "phone": "0123564589224", "location": "Mansoura", "referralsource": "StARS", "psworker": 6}}, {"model": "caselog.logentry", "pk": 25, "fields": {"month": "February", "filenumber": "914-20C00017", "casestatus": "Ongoing", "casetype": "Individual", "fullname": "Elsayed Mabrouk", "age": 11, "gender": "Male", "nationality": "Ethiopia", "phone": "01158545554", "location": "Ain Shams", "referralsource": "Community", "psworker": 7}}, {"model": "caselog.logentry", "pk": 26, "fields": {"month": "April", "filenumber": "914-20C00018", "casestatus": "New", "casetype": "Individual", "fullname": "Osman Mohamed", "age": 17, "gender": "Male", "nationality": "Sudan", "phone": "0124573381275", "location": "10th of Ramadan", "referralsource": "Community", "psworker": 7}}, {"model": "caselog.logentry", "pk": 27, "fields": {"month": "January", "filenumber": "940-20C00019", "casestatus": "Ongoing", "casetype": "Individual", "fullname": "Moutasem Zaghlol", "age": 34, "gender": "Male", "nationality": "Sudan", "phone": "0125485154", "location": "Damietta", "referralsource": "SCI", "psworker": 7}}, {"model": "caselog.logentry", "pk": 28, "fields": {"month": "February", "filenumber": "940-20C00020", "casestatus": "New", "casetype": "Individual", "fullname": "Ahmed Medhat", "age": 30, "gender": "Male", "nationality": "Sudan", "phone": "0125485154", "location": "6th of October", "referralsource": "SCI", "psworker": 7}}, {"model": "caselog.logentry", "pk": 29, "fields": {"month": "January", "filenumber": "940-20C00021", "casestatus": "Ongoing", "casetype": "Individual", "fullname": "Belal Ramadan", "age": 52, "gender": "Male", "nationality": "Ethiopia", "phone": "0125485154", "location": "Damietta", "referralsource": "SCI", "psworker": 7}}, {"model": "caselog.logentry", "pk": 30, "fields": {"month": "January", "filenumber": "940-20C00022", "casestatus": "Ongoing", "casetype": "Individual", "fullname": "Mahmoud Shehta", "age": 85, "gender": "Male", "nationality": "Iraq", "phone": "555.756.4453", "location": "10th of Ramadan", "referralsource": "StARS", "psworker": 7}}, {"model": "caselog.logentry", "pk": 31, "fields": {"month": "January", "filenumber": "940-20C00023", "casestatus": "Ongoing", "casetype": "Family", "fullname": "Hoda Zidan", "age": 33, "gender": "Male", "nationality": "Sudan", "phone": "01122556485", "location": "10th of Ramadan", "referralsource": "UNHCR", "psworker": 7}}, {"model": "caselog.logentry", "pk": 33, "fields": {"month": "January", "filenumber": "940-20C00024", "casestatus": "Ongoing", "casetype": "Individual", "fullname": "Samira Said", "age": 70, "gender": "Female", "nationality": "Ethiopia", "phone": "01224535435354", "location": "10th of Ramadan", "referralsource": "UNHCR", "psworker": 10}}, {"model": "caselog.logentry", "pk": 34, "fields": {"month": "February", "filenumber": "940-20C00025", "casestatus": "New", "casetype": "Individual", "fullname": "Mahitab Ali", "age": 23, "gender": "Female", "nationality": "Syria", "phone": "0125485154", "location": "10th of Ramadan", "referralsource": "SCI", "psworker": 10}}, {"model": "caselog.logentry", "pk": 35, "fields": {"month": "January", "filenumber": "740-20C00001", "casestatus": "Ongoing", "casetype": "Individual", "fullname": "Moataz Hassan", "age": 33, "gender": "Male", "nationality": "Ethiopia", "phone": "01208208000", "location": "Alexandria", "referralsource": "UNHCR", "psworker": 2}}, {"model": "caselog.logentry", "pk": 36, "fields": {"month": "January", "filenumber": "740-20C00002", "casestatus": "New", "casetype": "Individual", "fullname": "Yasmen Elsaqa", "age": 7, "gender": "Female", "nationality": "Yemen", "phone": "01208208555", "location": "Damietta", "referralsource": "Community", "psworker": 6}}, {"model": "caselog.logentry", "pk": 37, "fields": {"month": "February", "filenumber": "740-20C00003", "casestatus": "New", "casetype": "Individual", "fullname": "Soria Elkhatieb", "age": 27, "gender": "Female", "nationality": "Iraq", "phone": "01208208545", "location": "Damietta", "referralsource": "Tdh", "psworker": 9}}, {"model": "caselog.logentry", "pk": 38, "fields": {"month": "February", "filenumber": "000000000", "casestatus": "New", "casetype": "Individual", "fullname": "Mohamed", "age": 15, "gender": "Male", "nationality": "Eritrea", "phone": "024165763", "location": "Mansoura", "referralsource": "Community", "psworker": 9}}, {"model": "caselog.logentry", "pk": 39, "fields": {"month": "April", "filenumber": "740-20C00004", "casestatus": "New", "casetype": "Individual", "fullname": "Mohamed Elsebaaye", "age": 20, "gender": "Male", "nationality": "Cameron", "phone": "01208205345", "location": "Alexandria", "referralsource": "StARS", "psworker": 1}}, {"model": "caselog.logentry", "pk": 40, "fields": {"month": "January", "filenumber": "740-20C00005", "casestatus": "New", "casetype": "Individual", "fullname": "Ahmed Mubarak", "age": 5, "gender": "Male", "nationality": "Sudan", "phone": "01208208652", "location": "Alexandria", "referralsource": "PSTIC Hot Line", "psworker": 1}}, {"model": "caselog.logentry", "pk": 41, "fields": {"month": "March", "filenumber": "740-20C00005", "casestatus": "New", "casetype": "Individual", "fullname": "Samir Elabd", "age": 22, "gender": "Male", "nationality": "Syria", "phone": "01208208600", "location": "Alexandria", "referralsource": "StARS", "psworker": 1}}, {"model": "caselog.logentry", "pk": 42, "fields": {"month": "April", "filenumber": "740-20C00006", "casestatus": "New", "casetype": "Individual", "fullname": "Mona Ibrahim", "age": 32, "gender": "Female", "nationality": "Sudan", "phone": "01208208655", "location": "Alexandria", "referralsource": "Community", "psworker": 2}}, {"model": "caselog.logentry", "pk": 43, "fields": {"month": "February", "filenumber": "555555555", "casestatus": "Ongoing", "casetype": "Family", "fullname": "Elshahaat", "age": 35, "gender": "Male", "nationality": "Ethiopia", "phone": "51251", "location": "Alexandria", "referralsource": "Community", "psworker": 8}}, {"model": "caselog.logentry", "pk": 45, "fields": {"month": "February", "filenumber": "555555555", "casestatus": "Ongoing", "casetype": "Individual", "fullname": "Elshahaat", "age": 40, "gender": "Male", "nationality": "Syria", "phone": "0125485154", "location": "Damietta", "referralsource": "Tdh", "psworker": 2}}, {"model": "caselog.indirectbenef", "pk": 1, "fields": {"fullname": "Shaimaa", "age": 21, "gender": "2", "nationality": "1", "logentry": null}}, {"model": "caselog.indirectbenef", "pk": 2, "fields": {"fullname": "Esraa", "age": 17, "gender": "2", "nationality": "1", "logentry": null}}, {"model": "caselog.indirectbenef", "pk": 3, "fields": {"fullname": "Sara Ahmed", "age": 1, "gender": "2", "nationality": "1", "logentry": null}}, {"model": "caselog.visit", "pk": 1, "fields": {"visitdate": "25-01-2021", "comment": "hgv yhfjf tdrty", "logentry": 1}}, {"model": "admin.logentry", "pk": 1, "fields": {"action_time": "2021-04-02T10:48:50.086Z", "user": 1, "content_type": 3, "object_id": "1", "object_repr": "DirectBenef object (1)", "action_flag": 1, "change_message": "[{\"added\": {}}]"}}, {"model": "admin.logentry", "pk": 2, "fields": {"action_time": "2021-04-02T10:52:43.520Z", "user": 1, "content_type": 8, "object_id": "1", "object_repr": "Shaimaa", "action_flag": 1, "change_message": "[{\"added\": {}}]"}}, {"model": "admin.logentry", "pk": 3, "fields": {"action_time": "2021-04-02T10:53:15.058Z", "user": 1, "content_type": 8, "object_id": "2", "object_repr": "Esraa", "action_flag": 1, "change_message": "[{\"added\": {}}]"}}, {"model": "admin.logentry", "pk": 4, "fields": {"action_time": "2021-04-02T10:53:38.628Z", "user": 1, "content_type": 7, "object_id": "2", "object_repr": "Case object (2)", "action_flag": 1, "change_message": "[{\"added\": {}}]"}}, {"model": "admin.logentry", "pk": 5, "fields": {"action_time": "2021-04-02T11:53:37.661Z", "user": 1, "content_type": 3, "object_id": "2", "object_repr": "Ahmed Nour", "action_flag": 1, "change_message": "[{\"added\": {}}]"}}, {"model": "admin.logentry", "pk": 6, "fields": {"action_time": "2021-04-02T11:54:16.728Z", "user": 1, "content_type": 8, "object_id": "3", "object_repr": "Sara Ahmed", "action_flag": 1, "change_message": "[{\"added\": {}}]"}}, {"model": "admin.logentry", "pk": 7, "fields": {"action_time": "2021-04-02T12:05:01.040Z", "user": 1, "content_type": 7, "object_id": "4", "object_repr": "Case object (4)", "action_flag": 1, "change_message": "[{\"added\": {}}]"}}, {"model": "admin.logentry", "pk": 8, "fields": {"action_time": "2021-04-08T19:33:20.633Z", "user": 1, "content_type": 13, "object_id": "2", "object_repr": "ahmedalrajeh", "action_flag": 1, "change_message": "[{\"added\": {}}]"}}, {"model": "admin.logentry", "pk": 9, "fields": {"action_time": "2021-04-08T19:34:47.206Z", "user": 1, "content_type": 13, "object_id": "1", "object_repr": "admin", "action_flag": 2, "change_message": "[{\"changed\": {\"fields\": [\"Username\"]}}]"}}, {"model": "admin.logentry", "pk": 10, "fields": {"action_time": "2021-04-08T19:44:06.548Z", "user": 1, "content_type": 18, "object_id": "1", "object_repr": "Customer object (1)", "action_flag": 1, "change_message": "[{\"added\": {}}]"}}, {"model": "admin.logentry", "pk": 11, "fields": {"action_time": "2021-04-08T20:06:44.570Z", "user": 1, "content_type": 21, "object_id": "1", "object_repr": "Sports", "action_flag": 1, "change_message": "[{\"added\": {}}]"}}, {"model": "admin.logentry", "pk": 12, "fields": {"action_time": "2021-04-08T20:06:54.568Z", "user": 1, "content_type": 21, "object_id": "2", "object_repr": "Summer", "action_flag": 1, "change_message": "[{\"added\": {}}]"}}, {"model": "admin.logentry", "pk": 13, "fields": {"action_time": "2021-04-08T20:07:06.153Z", "user": 1, "content_type": 21, "object_id": "3", "object_repr": "Kitchen", "action_flag": 1, "change_message": "[{\"added\": {}}]"}}, {"model": "admin.logentry", "pk": 14, "fields": {"action_time": "2021-04-08T20:07:56.832Z", "user": 1, "content_type": 18, "object_id": "2", "object_repr": "Peter Piper", "action_flag": 1, "change_message": "[{\"added\": {}}]"}}, {"model": "admin.logentry", "pk": 15, "fields": {"action_time": "2021-04-08T20:08:58.179Z", "user": 1, "content_type": 20, "object_id": "1", "object_repr": "Product object (1)", "action_flag": 1, "change_message": "[{\"added\": {}}]"}}, {"model": "admin.logentry", "pk": 16, "fields": {"action_time": "2021-04-08T20:11:04.842Z", "user": 1, "content_type": 20, "object_id": "2", "object_repr": "Dishes", "action_flag": 1, "change_message": "[{\"added\": {}}]"}}, {"model": "admin.logentry", "pk": 17, "fields": {"action_time": "2021-04-08T20:11:29.144Z", "user": 1, "content_type": 20, "object_id": "3", "object_repr": "Ball", "action_flag": 1, "change_message": "[{\"added\": {}}]"}}, {"model": "admin.logentry", "pk": 18, "fields": {"action_time": "2021-04-08T20:13:10.221Z", "user": 1, "content_type": 19, "object_id": "1", "object_repr": "Order object (1)", "action_flag": 1, "change_message": "[{\"added\": {}}]"}}, {"model": "admin.logentry", "pk": 19, "fields": {"action_time": "2021-04-08T20:13:35.875Z", "user": 1, "content_type": 19, "object_id": "2", "object_repr": "Order object (2)", "action_flag": 1, "change_message": "[{\"added\": {}}]"}}, {"model": "admin.logentry", "pk": 20, "fields": {"action_time": "2021-04-08T20:13:54.091Z", "user": 1, "content_type": 19, "object_id": "2", "object_repr": "Order object (2)", "action_flag": 2, "change_message": "[{\"changed\": {\"fields\": [\"Customer\", \"Product\"]}}]"}}, {"model": "admin.logentry", "pk": 21, "fields": {"action_time": "2021-04-09T08:02:15.095Z", "user": 1, "content_type": 19, "object_id": "3", "object_repr": "Order object (3)", "action_flag": 1, "change_message": "[{\"added\": {}}]"}}, {"model": "admin.logentry", "pk": 22, "fields": {"action_time": "2021-04-10T22:46:36.922Z", "user": 1, "content_type": 12, "object_id": "1", "object_repr": "admin", "action_flag": 1, "change_message": "[{\"added\": {}}]"}}, {"model": "admin.logentry", "pk": 23, "fields": {"action_time": "2021-04-10T22:46:59.906Z", "user": 1, "content_type": 12, "object_id": "2", "object_repr": "psworker", "action_flag": 1, "change_message": "[{\"added\": {}}]"}}, {"model": "admin.logentry", "pk": 24, "fields": {"action_time": "2021-04-10T22:48:10.203Z", "user": 1, "content_type": 13, "object_id": "1", "object_repr": "admin", "action_flag": 2, "change_message": "[{\"changed\": {\"fields\": [\"Groups\"]}}]"}}, {"model": "admin.logentry", "pk": 25, "fields": {"action_time": "2021-04-10T22:49:00.011Z", "user": 1, "content_type": 13, "object_id": "3", "object_repr": "mahaosman", "action_flag": 2, "change_message": "[{\"changed\": {\"fields\": [\"Groups\"]}}]"}}, {"model": "admin.logentry", "pk": 26, "fields": {"action_time": "2021-04-10T22:49:26.089Z", "user": 1, "content_type": 13, "object_id": "1", "object_repr": "mohamed", "action_flag": 2, "change_message": "[{\"changed\": {\"fields\": [\"Username\"]}}]"}}, {"model": "admin.logentry", "pk": 27, "fields": {"action_time": "2021-04-10T23:04:02.033Z", "user": 1, "content_type": 13, "object_id": "2", "object_repr": "ahmedalrajeh", "action_flag": 2, "change_message": "[{\"changed\": {\"fields\": [\"Groups\"]}}]"}}, {"model": "admin.logentry", "pk": 28, "fields": {"action_time": "2021-04-10T23:04:13.463Z", "user": 1, "content_type": 13, "object_id": "4", "object_repr": "cholanyuan", "action_flag": 2, "change_message": "[{\"changed\": {\"fields\": [\"Groups\"]}}]"}}, {"model": "admin.logentry", "pk": 29, "fields": {"action_time": "2021-04-10T23:04:25.197Z", "user": 1, "content_type": 13, "object_id": "3", "object_repr": "mahaosman", "action_flag": 2, "change_message": "[]"}}, {"model": "admin.logentry", "pk": 30, "fields": {"action_time": "2021-04-10T23:04:40.668Z", "user": 1, "content_type": 13, "object_id": "5", "object_repr": "malakdalal", "action_flag": 2, "change_message": "[{\"changed\": {\"fields\": [\"Groups\"]}}]"}}, {"model": "admin.logentry", "pk": 31, "fields": {"action_time": "2021-04-10T23:04:57.489Z", "user": 1, "content_type": 13, "object_id": "1", "object_repr": "mfathy", "action_flag": 2, "change_message": "[{\"changed\": {\"fields\": [\"Username\"]}}]"}}, {"model": "admin.logentry", "pk": 32, "fields": {"action_time": "2021-04-10T23:05:55.756Z", "user": 1, "content_type": 13, "object_id": "2", "object_repr": "ahmedalrajeh", "action_flag": 2, "change_message": "[{\"changed\": {\"fields\": [\"password\"]}}]"}}, {"model": "admin.logentry", "pk": 33, "fields": {"action_time": "2021-04-10T23:06:25.628Z", "user": 1, "content_type": 13, "object_id": "1", "object_repr": "mfathy", "action_flag": 2, "change_message": "[{\"changed\": {\"fields\": [\"password\"]}}]"}}, {"model": "admin.logentry", "pk": 34, "fields": {"action_time": "2021-04-10T23:18:50.840Z", "user": 1, "content_type": 13, "object_id": "6", "object_repr": "steve", "action_flag": 3, "change_message": ""}}, {"model": "admin.logentry", "pk": 35, "fields": {"action_time": "2021-04-10T23:30:26.810Z", "user": 1, "content_type": 1, "object_id": "1", "object_repr": "Ahmed Alrajeh", "action_flag": 2, "change_message": "[{\"changed\": {\"fields\": [\"User\"]}}]"}}, {"model": "admin.logentry", "pk": 36, "fields": {"action_time": "2021-04-10T23:30:38.993Z", "user": 1, "content_type": 1, "object_id": "2", "object_repr": "Maha Osman", "action_flag": 2, "change_message": "[{\"changed\": {\"fields\": [\"User\"]}}]"}}, {"model": "admin.logentry", "pk": 37, "fields": {"action_time": "2021-04-10T23:30:59.959Z", "user": 1, "content_type": 1, "object_id": "6", "object_repr": "Malak Dalal", "action_flag": 2, "change_message": "[{\"changed\": {\"fields\": [\"Email\", \"User\"]}}]"}}, {"model": "admin.logentry", "pk": 38, "fields": {"action_time": "2021-04-10T23:31:31.463Z", "user": 1, "content_type": 13, "object_id": "8", "object_repr": "ghassan", "action_flag": 1, "change_message": "[{\"added\": {}}]"}}, {"model": "admin.logentry", "pk": 39, "fields": {"action_time": "2021-04-10T23:31:38.189Z", "user": 1, "content_type": 1, "object_id": "7", "object_repr": "Mohamed Ghassan", "action_flag": 2, "change_message": "[{\"changed\": {\"fields\": [\"User\"]}}]"}}, {"model": "admin.logentry", "pk": 40, "fields": {"action_time": "2021-04-10T23:31:48.565Z", "user": 1, "content_type": 1, "object_id": "8", "object_repr": "Chol Anyuan", "action_flag": 2, "change_message": "[{\"changed\": {\"fields\": [\"User\"]}}]"}}, {"model": "admin.logentry", "pk": 41, "fields": {"action_time": "2021-04-10T23:32:20.106Z", "user": 1, "content_type": 13, "object_id": "9", "object_repr": "anashaswa", "action_flag": 1, "change_message": "[{\"added\": {}}]"}}, {"model": "admin.logentry", "pk": 42, "fields": {"action_time": "2021-04-10T23:32:22.410Z", "user": 1, "content_type": 1, "object_id": "9", "object_repr": "Anas Haswa", "action_flag": 2, "change_message": "[{\"changed\": {\"fields\": [\"User\"]}}]"}}, {"model": "admin.logentry", "pk": 43, "fields": {"action_time": "2021-04-10T23:32:35.662Z", "user": 1, "content_type": 1, "object_id": "10", "object_repr": "Abdi Osobow", "action_flag": 2, "change_message": "[{\"changed\": {\"fields\": [\"User\"]}}]"}}, {"model": "admin.logentry", "pk": 44, "fields": {"action_time": "2021-04-10T23:33:03.554Z", "user": 1, "content_type": 13, "object_id": "7", "object_repr": "abdiosobo", "action_flag": 2, "change_message": "[{\"changed\": {\"fields\": [\"Username\", \"Email address\"]}}]"}}, {"model": "admin.logentry", "pk": 45, "fields": {"action_time": "2021-04-11T00:00:30.384Z", "user": 1, "content_type": 1, "object_id": "1", "object_repr": "Ahmed Alrajeh", "action_flag": 2, "change_message": "[{\"changed\": {\"fields\": [\"Profilepic\"]}}]"}}, {"model": "admin.logentry", "pk": 46, "fields": {"action_time": "2021-04-11T00:26:24.077Z", "user": 1, "content_type": 1, "object_id": "1", "object_repr": "Ahmed Alrajeh", "action_flag": 2, "change_message": "[{\"changed\": {\"fields\": [\"Profilepic\"]}}]"}}, {"model": "admin.logentry", "pk": 47, "fields": {"action_time": "2021-04-11T00:26:35.448Z", "user": 1, "content_type": 1, "object_id": "1", "object_repr": "Ahmed Alrajeh", "action_flag": 2, "change_message": "[{\"changed\": {\"fields\": [\"Profilepic\"]}}]"}}, {"model": "admin.logentry", "pk": 48, "fields": {"action_time": "2021-04-11T10:23:04.020Z", "user": 1, "content_type": 13, "object_id": "9", "object_repr": "anashaswa", "action_flag": 2, "change_message": "[{\"changed\": {\"fields\": [\"Groups\"]}}]"}}, {"model": "admin.logentry", "pk": 49, "fields": {"action_time": "2021-04-11T10:24:37.881Z", "user": 1, "content_type": 13, "object_id": "7", "object_repr": "abdiosobo", "action_flag": 2, "change_message": "[]"}}, {"model": "admin.logentry", "pk": 50, "fields": {"action_time": "2021-04-11T10:24:56.709Z", "user": 1, "content_type": 13, "object_id": "2", "object_repr": "ahmedalrajeh", "action_flag": 2, "change_message": "[]"}}, {"model": "admin.logentry", "pk": 51, "fields": {"action_time": "2021-04-11T10:25:16.295Z", "user": 1, "content_type": 13, "object_id": "4", "object_repr": "cholanyuan", "action_flag": 2, "change_message": "[]"}}, {"model": "admin.logentry", "pk": 52, "fields": {"action_time": "2021-04-11T10:25:43.987Z", "user": 1, "content_type": 13, "object_id": "8", "object_repr": "ghassan", "action_flag": 2, "change_message": "[{\"changed\": {\"fields\": [\"Groups\"]}}]"}}, {"model": "admin.logentry", "pk": 53, "fields": {"action_time": "2021-04-11T10:26:05.807Z", "user": 1, "content_type": 13, "object_id": "3", "object_repr": "mahaosman", "action_flag": 2, "change_message": "[]"}}, {"model": "admin.logentry", "pk": 54, "fields": {"action_time": "2021-04-11T10:26:24.485Z", "user": 1, "content_type": 13, "object_id": "5", "object_repr": "malakdalal", "action_flag": 2, "change_message": "[]"}}, {"model": "admin.logentry", "pk": 55, "fields": {"action_time": "2021-04-11T10:26:42.973Z", "user": 1, "content_type": 13, "object_id": "1", "object_repr": "mfathy", "action_flag": 2, "change_message": "[]"}}, {"model": "admin.logentry", "pk": 56, "fields": {"action_time": "2021-04-11T10:27:01.213Z", "user": 1, "content_type": 13, "object_id": "5", "object_repr": "malakdalal", "action_flag": 2, "change_message": "[]"}}, {"model": "admin.logentry", "pk": 57, "fields": {"action_time": "2021-04-12T12:58:12.967Z", "user": 1, "content_type": 13, "object_id": "9", "object_repr": "anashaswa", "action_flag": 2, "change_message": "[]"}}, {"model": "admin.logentry", "pk": 58, "fields": {"action_time": "2021-04-12T12:58:22.806Z", "user": 1, "content_type": 13, "object_id": "2", "object_repr": "ahmedalrajeh", "action_flag": 2, "change_message": "[]"}}, {"model": "auth.permission", "pk": 1, "fields": {"name": "Can add ps worker", "content_type": 1, "codename": "add_psworker"}}, {"model": "auth.permission", "pk": 2, "fields": {"name": "Can change ps worker", "content_type": 1, "codename": "change_psworker"}}, {"model": "auth.permission", "pk": 3, "fields": {"name": "Can delete ps worker", "content_type": 1, "codename": "delete_psworker"}}, {"model": "auth.permission", "pk": 4, "fields": {"name": "Can view ps worker", "content_type": 1, "codename": "view_psworker"}}, {"model": "auth.permission", "pk": 5, "fields": {"name": "Can add case status", "content_type": 2, "codename": "add_casestatus"}}, {"model": "auth.permission", "pk": 6, "fields": {"name": "Can change case status", "content_type": 2, "codename": "change_casestatus"}}, {"model": "auth.permission", "pk": 7, "fields": {"name": "Can delete case status", "content_type": 2, "codename": "delete_casestatus"}}, {"model": "auth.permission", "pk": 8, "fields": {"name": "Can view case status", "content_type": 2, "codename": "view_casestatus"}}, {"model": "auth.permission", "pk": 9, "fields": {"name": "Can add direct benef", "content_type": 3, "codename": "add_directbenef"}}, {"model": "auth.permission", "pk": 10, "fields": {"name": "Can change direct benef", "content_type": 3, "codename": "change_directbenef"}}, {"model": "auth.permission", "pk": 11, "fields": {"name": "Can delete direct benef", "content_type": 3, "codename": "delete_directbenef"}}, {"model": "auth.permission", "pk": 12, "fields": {"name": "Can view direct benef", "content_type": 3, "codename": "view_directbenef"}}, {"model": "auth.permission", "pk": 13, "fields": {"name": "Can add file num", "content_type": 4, "codename": "add_filenum"}}, {"model": "auth.permission", "pk": 14, "fields": {"name": "Can change file num", "content_type": 4, "codename": "change_filenum"}}, {"model": "auth.permission", "pk": 15, "fields": {"name": "Can delete file num", "content_type": 4, "codename": "delete_filenum"}}, {"model": "auth.permission", "pk": 16, "fields": {"name": "Can view file num", "content_type": 4, "codename": "view_filenum"}}, {"model": "auth.permission", "pk": 17, "fields": {"name": "Can add gender", "content_type": 5, "codename": "add_gender"}}, {"model": "auth.permission", "pk": 18, "fields": {"name": "Can change gender", "content_type": 5, "codename": "change_gender"}}, {"model": "auth.permission", "pk": 19, "fields": {"name": "Can delete gender", "content_type": 5, "codename": "delete_gender"}}, {"model": "auth.permission", "pk": 20, "fields": {"name": "Can view gender", "content_type": 5, "codename": "view_gender"}}, {"model": "auth.permission", "pk": 21, "fields": {"name": "Can add nationality", "content_type": 6, "codename": "add_nationality"}}, {"model": "auth.permission", "pk": 22, "fields": {"name": "Can change nationality", "content_type": 6, "codename": "change_nationality"}}, {"model": "auth.permission", "pk": 23, "fields": {"name": "Can delete nationality", "content_type": 6, "codename": "delete_nationality"}}, {"model": "auth.permission", "pk": 24, "fields": {"name": "Can view nationality", "content_type": 6, "codename": "view_nationality"}}, {"model": "auth.permission", "pk": 25, "fields": {"name": "Can add case", "content_type": 7, "codename": "add_case"}}, {"model": "auth.permission", "pk": 26, "fields": {"name": "Can change case", "content_type": 7, "codename": "change_case"}}, {"model": "auth.permission", "pk": 27, "fields": {"name": "Can delete case", "content_type": 7, "codename": "delete_case"}}, {"model": "auth.permission", "pk": 28, "fields": {"name": "Can view case", "content_type": 7, "codename": "view_case"}}, {"model": "auth.permission", "pk": 29, "fields": {"name": "Can add indirect benef", "content_type": 8, "codename": "add_indirectbenef"}}, {"model": "auth.permission", "pk": 30, "fields": {"name": "Can change indirect benef", "content_type": 8, "codename": "change_indirectbenef"}}, {"model": "auth.permission", "pk": 31, "fields": {"name": "Can delete indirect benef", "content_type": 8, "codename": "delete_indirectbenef"}}, {"model": "auth.permission", "pk": 32, "fields": {"name": "Can view indirect benef", "content_type": 8, "codename": "view_indirectbenef"}}, {"model": "auth.permission", "pk": 33, "fields": {"name": "Can add month", "content_type": 9, "codename": "add_month"}}, {"model": "auth.permission", "pk": 34, "fields": {"name": "Can change month", "content_type": 9, "codename": "change_month"}}, {"model": "auth.permission", "pk": 35, "fields": {"name": "Can delete month", "content_type": 9, "codename": "delete_month"}}, {"model": "auth.permission", "pk": 36, "fields": {"name": "Can view month", "content_type": 9, "codename": "view_month"}}, {"model": "auth.permission", "pk": 37, "fields": {"name": "Can add log entry", "content_type": 10, "codename": "add_logentry"}}, {"model": "auth.permission", "pk": 38, "fields": {"name": "Can change log entry", "content_type": 10, "codename": "change_logentry"}}, {"model": "auth.permission", "pk": 39, "fields": {"name": "Can delete log entry", "content_type": 10, "codename": "delete_logentry"}}, {"model": "auth.permission", "pk": 40, "fields": {"name": "Can view log entry", "content_type": 10, "codename": "view_logentry"}}, {"model": "auth.permission", "pk": 41, "fields": {"name": "Can add permission", "content_type": 11, "codename": "add_permission"}}, {"model": "auth.permission", "pk": 42, "fields": {"name": "Can change permission", "content_type": 11, "codename": "change_permission"}}, {"model": "auth.permission", "pk": 43, "fields": {"name": "Can delete permission", "content_type": 11, "codename": "delete_permission"}}, {"model": "auth.permission", "pk": 44, "fields": {"name": "Can view permission", "content_type": 11, "codename": "view_permission"}}, {"model": "auth.permission", "pk": 45, "fields": {"name": "Can add group", "content_type": 12, "codename": "add_group"}}, {"model": "auth.permission", "pk": 46, "fields": {"name": "Can change group", "content_type": 12, "codename": "change_group"}}, {"model": "auth.permission", "pk": 47, "fields": {"name": "Can delete group", "content_type": 12, "codename": "delete_group"}}, {"model": "auth.permission", "pk": 48, "fields": {"name": "Can view group", "content_type": 12, "codename": "view_group"}}, {"model": "auth.permission", "pk": 49, "fields": {"name": "Can add user", "content_type": 13, "codename": "add_user"}}, {"model": "auth.permission", "pk": 50, "fields": {"name": "Can change user", "content_type": 13, "codename": "change_user"}}, {"model": "auth.permission", "pk": 51, "fields": {"name": "Can delete user", "content_type": 13, "codename": "delete_user"}}, {"model": "auth.permission", "pk": 52, "fields": {"name": "Can view user", "content_type": 13, "codename": "view_user"}}, {"model": "auth.permission", "pk": 53, "fields": {"name": "Can add content type", "content_type": 14, "codename": "add_contenttype"}}, {"model": "auth.permission", "pk": 54, "fields": {"name": "Can change content type", "content_type": 14, "codename": "change_contenttype"}}, {"model": "auth.permission", "pk": 55, "fields": {"name": "Can delete content type", "content_type": 14, "codename": "delete_contenttype"}}, {"model": "auth.permission", "pk": 56, "fields": {"name": "Can view content type", "content_type": 14, "codename": "view_contenttype"}}, {"model": "auth.permission", "pk": 57, "fields": {"name": "Can add session", "content_type": 15, "codename": "add_session"}}, {"model": "auth.permission", "pk": 58, "fields": {"name": "Can change session", "content_type": 15, "codename": "change_session"}}, {"model": "auth.permission", "pk": 59, "fields": {"name": "Can delete session", "content_type": 15, "codename": "delete_session"}}, {"model": "auth.permission", "pk": 60, "fields": {"name": "Can view session", "content_type": 15, "codename": "view_session"}}, {"model": "auth.permission", "pk": 61, "fields": {"name": "Can add case type", "content_type": 16, "codename": "add_casetype"}}, {"model": "auth.permission", "pk": 62, "fields": {"name": "Can change case type", "content_type": 16, "codename": "change_casetype"}}, {"model": "auth.permission", "pk": 63, "fields": {"name": "Can delete case type", "content_type": 16, "codename": "delete_casetype"}}, {"model": "auth.permission", "pk": 64, "fields": {"name": "Can view case type", "content_type": 16, "codename": "view_casetype"}}, {"model": "auth.permission", "pk": 65, "fields": {"name": "Can add month log", "content_type": 17, "codename": "add_monthlog"}}, {"model": "auth.permission", "pk": 66, "fields": {"name": "Can change month log", "content_type": 17, "codename": "change_monthlog"}}, {"model": "auth.permission", "pk": 67, "fields": {"name": "Can delete month log", "content_type": 17, "codename": "delete_monthlog"}}, {"model": "auth.permission", "pk": 68, "fields": {"name": "Can view month log", "content_type": 17, "codename": "view_monthlog"}}, {"model": "auth.permission", "pk": 69, "fields": {"name": "Can add log entry", "content_type": 17, "codename": "add_logentry"}}, {"model": "auth.permission", "pk": 70, "fields": {"name": "Can change log entry", "content_type": 17, "codename": "change_logentry"}}, {"model": "auth.permission", "pk": 71, "fields": {"name": "Can delete log entry", "content_type": 17, "codename": "delete_logentry"}}, {"model": "auth.permission", "pk": 72, "fields": {"name": "Can view log entry", "content_type": 17, "codename": "view_logentry"}}, {"model": "auth.permission", "pk": 73, "fields": {"name": "Can add customer", "content_type": 18, "codename": "add_customer"}}, {"model": "auth.permission", "pk": 74, "fields": {"name": "Can change customer", "content_type": 18, "codename": "change_customer"}}, {"model": "auth.permission", "pk": 75, "fields": {"name": "Can delete customer", "content_type": 18, "codename": "delete_customer"}}, {"model": "auth.permission", "pk": 76, "fields": {"name": "Can view customer", "content_type": 18, "codename": "view_customer"}}, {"model": "auth.permission", "pk": 77, "fields": {"name": "Can add order", "content_type": 19, "codename": "add_order"}}, {"model": "auth.permission", "pk": 78, "fields": {"name": "Can change order", "content_type": 19, "codename": "change_order"}}, {"model": "auth.permission", "pk": 79, "fields": {"name": "Can delete order", "content_type": 19, "codename": "delete_order"}}, {"model": "auth.permission", "pk": 80, "fields": {"name": "Can view order", "content_type": 19, "codename": "view_order"}}, {"model": "auth.permission", "pk": 81, "fields": {"name": "Can add product", "content_type": 20, "codename": "add_product"}}, {"model": "auth.permission", "pk": 82, "fields": {"name": "Can change product", "content_type": 20, "codename": "change_product"}}, {"model": "auth.permission", "pk": 83, "fields": {"name": "Can delete product", "content_type": 20, "codename": "delete_product"}}, {"model": "auth.permission", "pk": 84, "fields": {"name": "Can view product", "content_type": 20, "codename": "view_product"}}, {"model": "auth.permission", "pk": 85, "fields": {"name": "Can add tag", "content_type": 21, "codename": "add_tag"}}, {"model": "auth.permission", "pk": 86, "fields": {"name": "Can change tag", "content_type": 21, "codename": "change_tag"}}, {"model": "auth.permission", "pk": 87, "fields": {"name": "Can delete tag", "content_type": 21, "codename": "delete_tag"}}, {"model": "auth.permission", "pk": 88, "fields": {"name": "Can view tag", "content_type": 21, "codename": "view_tag"}}, {"model": "auth.permission", "pk": 89, "fields": {"name": "Can add visit", "content_type": 22, "codename": "add_visit"}}, {"model": "auth.permission", "pk": 90, "fields": {"name": "Can change visit", "content_type": 22, "codename": "change_visit"}}, {"model": "auth.permission", "pk": 91, "fields": {"name": "Can delete visit", "content_type": 22, "codename": "delete_visit"}}, {"model": "auth.permission", "pk": 92, "fields": {"name": "Can view visit", "content_type": 22, "codename": "view_visit"}}, {"model": "auth.group", "pk": 1, "fields": {"name": "admin", "permissions": []}}, {"model": "auth.group", "pk": 2, "fields": {"name": "psworker", "permissions": []}}, {"model": "auth.user", "pk": 1, "fields": {"password": "pbkdf2_sha256$216000$emfQmpdUZUcz$9VdFa8814RFVjnGrQupiFiZNYjE913NakcjSl6v9eMc=", "last_login": "2021-04-20T18:45:01.566Z", "is_superuser": true, "username": "mfathy", "first_name": "", "last_name": "", "email": "", "is_staff": true, "is_active": true, "date_joined": "2021-04-02T00:12:59Z", "groups": [1], "user_permissions": []}}, {"model": "auth.user", "pk": 2, "fields": {"password": "pbkdf2_sha256$216000$HG5ZmwrxlEmd$ip32ZLHLI+UZxNqc5txlT/WCbpkGWLvpz7I6kxaKHw0=", "last_login": "2021-04-18T14:58:46.271Z", "is_superuser": false, "username": "ahmedalrajeh", "first_name": "", "last_name": "", "email": "", "is_staff": false, "is_active": true, "date_joined": "2021-04-08T19:33:19Z", "groups": [2], "user_permissions": []}}, {"model": "auth.user", "pk": 3, "fields": {"password": "pbkdf2_sha256$216000$knU4hsRTEHWh$GX3L+dOhWtqqcJbqswCyOtwoNCPqaEMzrxuPlHEed+0=", "last_login": "2021-04-12T14:08:36.346Z", "is_superuser": false, "username": "mahaosman", "first_name": "", "last_name": "", "email": "maha@gmail.com", "is_staff": false, "is_active": true, "date_joined": "2021-04-10T21:04:48Z", "groups": [2], "user_permissions": []}}, {"model": "auth.user", "pk": 4, "fields": {"password": "pbkdf2_sha256$216000$CcYiHzzEDNSs$ZrJ19LNxiJuhdL9S2fxGg+kwk6tCl2hJnad3iyheE/o=", "last_login": "2021-04-10T21:55:46Z", "is_superuser": false, "username": "cholanyuan", "first_name": "", "last_name": "", "email": "chol@gmail.com", "is_staff": false, "is_active": true, "date_joined": "2021-04-10T21:25:36Z", "groups": [2], "user_permissions": []}}, {"model": "auth.user", "pk": 5, "fields": {"password": "pbkdf2_sha256$216000$Ded4GubibpJT$mbIsGLqyeZ+J7Wk2xDltSf2BbFv3mrid4c5O29WuIxY=", "last_login": "2021-04-11T02:02:51Z", "is_superuser": false, "username": "malakdalal", "first_name": "", "last_name": "", "email": "malak@gmail.com", "is_staff": false, "is_active": true, "date_joined": "2021-04-10T21:28:52Z", "groups": [2], "user_permissions": []}}, {"model": "auth.user", "pk": 7, "fields": {"password": "pbkdf2_sha256$216000$96jhlMIURmEZ$OZGVjC3oUpCzJ/qA/AU3fmdSyn6Qi/72GmgmuAYeOeA=", "last_login": "2021-04-10T23:20:52Z", "is_superuser": false, "username": "abdiosobo", "first_name": "", "last_name": "", "email": "abdi@gmail.com", "is_staff": false, "is_active": true, "date_joined": "2021-04-10T23:20:40Z", "groups": [2], "user_permissions": []}}, {"model": "auth.user", "pk": 8, "fields": {"password": "pbkdf2_sha256$216000$Hh0Wt6kd9wp1$T9ql9W6ZcxApRkYLfV5AIq+LzY9f6H5y8tVkVETSky4=", "last_login": null, "is_superuser": false, "username": "ghassan", "first_name": "", "last_name": "", "email": "", "is_staff": false, "is_active": true, "date_joined": "2021-04-10T23:31:31Z", "groups": [2], "user_permissions": []}}, {"model": "auth.user", "pk": 9, "fields": {"password": "pbkdf2_sha256$216000$YvTuFMG6JvVB$xrOM0VSMQBippj90A4+Ia2HGgGusHEGPtd/Xep1TFR8=", "last_login": "2021-04-11T11:04:04Z", "is_superuser": false, "username": "anashaswa", "first_name": "", "last_name": "", "email": "", "is_staff": false, "is_active": true, "date_joined": "2021-04-10T23:32:19Z", "groups": [2], "user_permissions": []}}, {"model": "contenttypes.contenttype", "pk": 1, "fields": {"app_label": "caselog", "model": "psworker"}}, {"model": "contenttypes.contenttype", "pk": 2, "fields": {"app_label": "caselog", "model": "casestatus"}}, {"model": "contenttypes.contenttype", "pk": 3, "fields": {"app_label": "caselog", "model": "directbenef"}}, {"model": "contenttypes.contenttype", "pk": 4, "fields": {"app_label": "caselog", "model": "filenum"}}, {"model": "contenttypes.contenttype", "pk": 5, "fields": {"app_label": "caselog", "model": "gender"}}, {"model": "contenttypes.contenttype", "pk": 6, "fields": {"app_label": "caselog", "model": "nationality"}}, {"model": "contenttypes.contenttype", "pk": 7, "fields": {"app_label": "caselog", "model": "case"}}, {"model": "contenttypes.contenttype", "pk": 8, "fields": {"app_label": "caselog", "model": "indirectbenef"}}, {"model": "contenttypes.contenttype", "pk": 9, "fields": {"app_label": "caselog", "model": "month"}}, {"model": "contenttypes.contenttype", "pk": 10, "fields": {"app_label": "admin", "model": "logentry"}}, {"model": "contenttypes.contenttype", "pk": 11, "fields": {"app_label": "auth", "model": "permission"}}, {"model": "contenttypes.contenttype", "pk": 12, "fields": {"app_label": "auth", "model": "group"}}, {"model": "contenttypes.contenttype", "pk": 13, "fields": {"app_label": "auth", "model": "user"}}, {"model": "contenttypes.contenttype", "pk": 14, "fields": {"app_label": "contenttypes", "model": "contenttype"}}, {"model": "contenttypes.contenttype", "pk": 15, "fields": {"app_label": "sessions", "model": "session"}}, {"model": "contenttypes.contenttype", "pk": 16, "fields": {"app_label": "caselog", "model": "casetype"}}, {"model": "contenttypes.contenttype", "pk": 17, "fields": {"app_label": "caselog", "model": "logentry"}}, {"model": "contenttypes.contenttype", "pk": 18, "fields": {"app_label": "accounts", "model": "customer"}}, {"model": "contenttypes.contenttype", "pk": 19, "fields": {"app_label": "accounts", "model": "order"}}, {"model": "contenttypes.contenttype", "pk": 20, "fields": {"app_label": "accounts", "model": "product"}}, {"model": "contenttypes.contenttype", "pk": 21, "fields": {"app_label": "accounts", "model": "tag"}}, {"model": "contenttypes.contenttype", "pk": 22, "fields": {"app_label": "caselog", "model": "visit"}}, {"model": "sessions.session", "pk": "02byrkpen6fg7pexq8023jbkvp74pzec", "fields": {"session_data": ".eJxVjEEOwiAQAP_C2ZAWWAoevfsGssCuVA1NSnsy_l1JetDrzGReIuC-lbA3WsOcxVmM4vTLIqYH1S7yHettkWmp2zpH2RN52CavS6bn5Wj_BgVb6dvBs-EpktKewHqmpB0a0CrhhMjA7DMop2FkBsfWRK-_dTI2WhqseH8A8jU4TQ:1lVXtu:YR9ObTA_o1lT4YM65FUtf1kRHAI9fwwuTyFeMIV4tsA", "expire_date": "2021-04-25T11:05:10.624Z"}}, {"model": "sessions.session", "pk": "0c7vd8wxvjuxd5bjida023d1iwszy4mg", "fields": {"session_data": ".eJxVjEEOwiAQAP_C2ZAWWAoevfsGssCuVA1NSnsy_l1JetDrzGReIuC-lbA3WsOcxVmM4vTLIqYH1S7yHettkWmp2zpH2RN52CavS6bn5Wj_BgVb6dvBs-EpktKewHqmpB0a0CrhhMjA7DMop2FkBsfWRK-_dTI2WhqseH8A8jU4TQ:1lVXNg:P4UjFBglcMLq9E-PnITrJldGwsLnT0KYEaC_Q_kzfLE", "expire_date": "2021-04-25T10:31:52.751Z"}}, {"model": "sessions.session", "pk": "0uy8697omqfyrto24z31f2w55ejawa3i", "fields": {"session_data": ".eJxVjEEOwiAQAP_C2ZAWWAoevfsGssCuVA1NSnsy_l1JetDrzGReIuC-lbA3WsOcxVmM4vTLIqYH1S7yHettkWmp2zpH2RN52CavS6bn5Wj_BgVb6dvBs-EpktKewHqmpB0a0CrhhMjA7DMop2FkBsfWRK-_dTI2WhqseH8A8jU4TQ:1lXqMX:1rbW4P3eq0nOasuUok9Vpc0fR2Ja2-HLmmMe4LEoeFs", "expire_date": "2021-05-01T19:12:13.550Z"}}, {"model": "sessions.session", "pk": "1c9zzjn973qbnv8ekrzhl1nt1xa8qjgk", "fields": {"session_data": ".eJxVjEEOwiAQAP_C2ZAWWAoevfsGssCuVA1NSnsy_l1JetDrzGReIuC-lbA3WsOcxVmM4vTLIqYH1S7yHettkWmp2zpH2RN52CavS6bn5Wj_BgVb6dvBs-EpktKewHqmpB0a0CrhhMjA7DMop2FkBsfWRK-_dTI2WhqseH8A8jU4TQ:1lY8t9:QDrDKI1ZnR8tIM58dPcBtJtg7mgRg5WP4EOR70X5Spg", "expire_date": "2021-05-02T14:59:07.009Z"}}, {"model": "sessions.session", "pk": "46l9bcorqfdrzxqb9i7cp6csfg2o5lq1", "fields": {"session_data": ".eJxVjEEOwiAQAP_C2ZAWWAoevfsGssCuVA1NSnsy_l1JetDrzGReIuC-lbA3WsOcxVmM4vTLIqYH1S7yHettkWmp2zpH2RN52CavS6bn5Wj_BgVb6dvBs-EpktKewHqmpB0a0CrhhMjA7DMop2FkBsfWRK-_dTI2WhqseH8A8jU4TQ:1lVOL6:aVVxyAgZlKK-HI1fAYmBh-5NgYkPYo_zs_cnd8ZRBXQ", "expire_date": "2021-04-25T00:52:36.758Z"}}, {"model": "sessions.session", "pk": "5av4nleuc3qibasa6ni4czkjuotucym4", "fields": {"session_data": ".eJxVjEEOwiAQAP_C2ZAWWAoevfsGssCuVA1NSnsy_l1JetDrzGReIuC-lbA3WsOcxVmM4vTLIqYH1S7yHettkWmp2zpH2RN52CavS6bn5Wj_BgVb6dvBs-EpktKewHqmpB0a0CrhhMjA7DMop2FkBsfWRK-_dTI2WhqseH8A8jU4TQ:1lYQWO:YVzqmiroe22p3Y-cwH1XLbqpwFm0un41Fa5nr11AiVc", "expire_date": "2021-05-03T09:48:48.429Z"}}, {"model": "sessions.session", "pk": "6f8n6habxrclhvp11beltksl8rr6in3j", "fields": {"session_data": ".eJxVjEEOwiAQAP_C2ZAWWAoevfsGssCuVA1NSnsy_l1JetDrzGReIuC-lbA3WsOcxVmM4vTLIqYH1S7yHettkWmp2zpH2RN52CavS6bn5Wj_BgVb6dvBs-EpktKewHqmpB0a0CrhhMjA7DMop2FkBsfWRK-_dTI2WhqseH8A8jU4TQ:1lX77S:S01JfpegQfD2l7OMA9vGtXgz2p3JnRmHzyHuDMO2RB0", "expire_date": "2021-04-29T18:53:38.421Z"}}, {"model": "sessions.session", "pk": "7sgzgvcthwntxb7o6oh3jwjdo6qg1hvp", "fields": {"session_data": ".eJxVjEEOwiAQAP_C2ZAWWAoevfsGssCuVA1NSnsy_l1JetDrzGReIuC-lbA3WsOcxVmM4vTLIqYH1S7yHettkWmp2zpH2RN52CavS6bn5Wj_BgVb6dvBs-EpktKewHqmpB0a0CrhhMjA7DMop2FkBsfWRK-_dTI2WhqseH8A8jU4TQ:1lX7Am:PZU5Xh7HZeRV0gX-6Pme5sYfSo6NUhb2ABuQawJOUW4", "expire_date": "2021-04-29T18:57:04.151Z"}}, {"model": "sessions.session", "pk": "dmh1jlye8yce2zb55mumf4c8qgkk38yc", "fields": {"session_data": ".eJxVjEEOwiAQAP_C2ZAWWAoevfsGssCuVA1NSnsy_l1JetDrzGReIuC-lbA3WsOcxVmM4vTLIqYH1S7yHettkWmp2zpH2RN52CavS6bn5Wj_BgVb6dvBs-EpktKewHqmpB0a0CrhhMjA7DMop2FkBsfWRK-_dTI2WhqseH8A8jU4TQ:1lVxFN:LbdOvF6Egd6AYdMb1WGUACEweLZ96KgodTe5Wopnwbs", "expire_date": "2021-04-26T14:09:01.901Z"}}, {"model": "sessions.session", "pk": "dn1mhzxkon50r8m4tt9yuac4zlhm5loe", "fields": {"session_data": ".eJxVjEEOwiAQAP_C2ZAWWAoevfsGssCuVA1NSnsy_l1JetDrzGReIuC-lbA3WsOcxVmM4vTLIqYH1S7yHettkWmp2zpH2RN52CavS6bn5Wj_BgVb6dvBs-EpktKewHqmpB0a0CrhhMjA7DMop2FkBsfWRK-_dTI2WhqseH8A8jU4TQ:1lVXS1:WRMpmv1abvVqv_0_piT7GNyg6pAQ3RpaXlJoZRwNfgo", "expire_date": "2021-04-25T10:36:21.842Z"}}, {"model": "sessions.session", "pk": "g4jgd4ieb7nzjbw6baz428p6ekojatdy", "fields": {"session_data": ".eJxVjEEOwiAQAP_C2ZAWWAoevfsGssCuVA1NSnsy_l1JetDrzGReIuC-lbA3WsOcxVmM4vTLIqYH1S7yHettkWmp2zpH2RN52CavS6bn5Wj_BgVb6dvBs-EpktKewHqmpB0a0CrhhMjA7DMop2FkBsfWRK-_dTI2WhqseH8A8jU4TQ:1lVUsu:DMb9NOqDUL_4kp0gspp9oU7RpAsl3FHCpzCAQEuO_6I", "expire_date": "2021-04-25T07:51:56.377Z"}}, {"model": "sessions.session", "pk": "kkrpy5oqpyo7qyy7t44p7e3281jo00nx", "fields": {"session_data": ".eJxVjEEOwiAQAP_C2ZAWWAoevfsGssCuVA1NSnsy_l1JetDrzGReIuC-lbA3WsOcxVmM4vTLIqYH1S7yHettkWmp2zpH2RN52CavS6bn5Wj_BgVb6dvBs-EpktKewHqmpB0a0CrhhMjA7DMop2FkBsfWRK-_dTI2WhqseH8A8jU4TQ:1lVXEP:5lRSt_eSCJOSnVsa1f_hbYvt-DMmRtBwq7Y_gogW5Zo", "expire_date": "2021-04-25T10:22:17.974Z"}}, {"model": "sessions.session", "pk": "mwwt81tcq1cmmdov5yx3ro65xiku86zz", "fields": {"session_data": ".eJxVjEEOwiAQAP_C2ZAWWAoevfsGssCuVA1NSnsy_l1JetDrzGReIuC-lbA3WsOcxVmM4vTLIqYH1S7yHettkWmp2zpH2RN52CavS6bn5Wj_BgVb6dvBs-EpktKewHqmpB0a0CrhhMjA7DMop2FkBsfWRK-_dTI2WhqseH8A8jU4TQ:1lVXwR:ByVm4vdLNA1ldQu0Jil4EhnELJ2KgdMAneWudLp4v2Q", "expire_date": "2021-04-25T11:07:47.881Z"}}, {"model": "sessions.session", "pk": "v2nxkfne4tag68l31sv643xdmv8u7mxn", "fields": {"session_data": ".eJxVjEEOwiAQAP_C2ZAWWAoevfsGssCuVA1NSnsy_l1JetDrzGReIuC-lbA3WsOcxVmM4vTLIqYH1S7yHettkWmp2zpH2RN52CavS6bn5Wj_BgVb6dvBs-EpktKewHqmpB0a0CrhhMjA7DMop2FkBsfWRK-_dTI2WhqseH8A8jU4TQ:1lYvMr:GW4B5Jnx0D1j4TieepFzXIPixLNRLifG_CofxgcvlTI", "expire_date": "2021-05-04T18:45:01.826Z"}}, {"model": "sessions.session", "pk": "wrbrfi65sa2nx0tarbecf6pcfg3ockfd", "fields": {"session_data": ".eJxVjEEOwiAQAP_C2ZAWWAoevfsGssCuVA1NSnsy_l1JetDrzGReIuC-lbA3WsOcxVmM4vTLIqYH1S7yHettkWmp2zpH2RN52CavS6bn5Wj_BgVb6dvBs-EpktKewHqmpB0a0CrhhMjA7DMop2FkBsfWRK-_dTI2WhqseH8A8jU4TQ:1lVquA:7xWpMVY42b-g97g3OAqD-DfKExoBABH8zmfoHong4E8", "expire_date": "2021-04-26T07:22:42.618Z"}}, {"model": "sessions.session", "pk": "xjg4heu2ujkvsoofqkqkpugpx7ptnkkt", "fields": {"session_data": ".eJxVjEEOwiAQAP_C2ZAuZZF69N43NNtlkaqBpLQn49-VpAe9zkzmpSbatzTtVdZpCeqiQJ1-2Uz8kNxEuFO-Fc0lb-sy65bow1Y9liDP69H-DRLV1LZndmCMABMK9w4H75AtmC9lYuyM68EaS2KjszEC-gE7L9EikEdR7w-7pTbb:1lS7RB:iNIYA6LR3cW0GaKw0V_dJXqU1v2IDPSKc_rYhzKoZQk", "expire_date": "2021-04-16T00:13:21.622Z"}}, {"model": "sessions.session", "pk": "yu1wdduwuxl7s1sdiy6bajxmprbqkddk", "fields": {"session_data": ".eJxVjEEOwiAQAP_C2ZAWWAoevfsGssCuVA1NSnsy_l1JetDrzGReIuC-lbA3WsOcxVmM4vTLIqYH1S7yHettkWmp2zpH2RN52CavS6bn5Wj_BgVb6dvBs-EpktKewHqmpB0a0CrhhMjA7DMop2FkBsfWRK-_dTI2WhqseH8A8jU4TQ:1lVXyk:sBuTxTQvBSZQGdfZKY0qq621Pv_9qmcYZgsBL0wgbXw", "expire_date": "2021-04-25T11:10:10.280Z"}}, {"model": "sessions.session", "pk": "zzc02tazesnyrvcgzy4blnpgr358624d", "fields": {"session_data": ".eJxVjEEOwiAQAP_C2ZAWWAoevfsGssCuVA1NSnsy_l1JetDrzGReIuC-lbA3WsOcxVmM4vTLIqYH1S7yHettkWmp2zpH2RN52CavS6bn5Wj_BgVb6dvBs-EpktKewHqmpB0a0CrhhMjA7DMop2FkBsfWRK-_dTI2WhqseH8A8jU4TQ:1lVtAH:Zwv16veIFt7iEQNz87Hr1VEkR9ZMzBZQ8VcLjCtvdCg", "expire_date": "2021-04-26T09:47:29.182Z"}}, {"model": "accounts.customer", "pk": 1, "fields": {"name": "John Doe", "phone": "555.756.4453", "email": "john@gmail.com", "date_created": "2021-04-08T19:44:05.857Z"}}, {"model": "accounts.customer", "pk": 2, "fields": {"name": "Peter Piper", "phone": "555.854.2828", "email": "peter@gmail.com", "date_created": "2021-04-08T20:07:56.609Z"}}, {"model": "accounts.tag", "pk": 1, "fields": {"name": "Sports"}}, {"model": "accounts.tag", "pk": 2, "fields": {"name": "Summer"}}, {"model": "accounts.tag", "pk": 3, "fields": {"name": "Kitchen"}}, {"model": "accounts.product", "pk": 1, "fields": {"name": "BBQ Grill", "price": 200.0, "category": "Out Door", "description": "-", "date_created": "2021-04-08T20:08:57.492Z", "tags": [2, 3]}}, {"model": "accounts.product", "pk": 2, "fields": {"name": "Dishes", "price": 50.0, "category": "Indoor", "description": null, "date_created": "2021-04-08T20:11:03.492Z", "tags": [3]}}, {"model": "accounts.product", "pk": 3, "fields": {"name": "Ball", "price": 30.0, "category": "Out Door", "description": null, "date_created": "2021-04-08T20:11:28.462Z", "tags": [1, 2]}}, {"model": "accounts.order", "pk": 1, "fields": {"customer": 2, "product": 3, "date_created": "2021-04-08T20:13:09.742Z", "status": "Pending"}}, {"model": "accounts.order", "pk": 2, "fields": {"customer": 1, "product": 2, "date_created": "2021-04-08T20:13:35.651Z", "status": "Pending"}}, {"model": "accounts.order", "pk": 3, "fields": {"customer": 2, "product": 1, "date_created": "2021-04-09T08:02:14.633Z", "status": "Delivered"}}, {"model": "accounts.order", "pk": 4, "fields": {"customer": 1, "product": 2, "date_created": "2021-04-09T09:55:21.381Z", "status": "Delivered"}}, {"model": "accounts.order", "pk": 5, "fields": {"customer": 1, "product": 1, "date_created": "2021-04-09T09:55:59.278Z", "status": "Out for delivery"}}]