[{"model": "caselog.casestatus", "pk": 1, "fields": {"name": "New"}}, {"model": "caselog.casestatus", "pk": 2, "fields": {"name": "Ongoing"}}, {"model": "caselog.casestatus", "pk": 3, "fields": {"name": "Inactive"}}, {"model": "caselog.casestatus", "pk": 4, "fields": {"name": "Closed"}}, {"model": "caselog.month", "pk": 1, "fields": {"name": "January"}}, {"model": "caselog.month", "pk": 2, "fields": {"name": "February"}}, {"model": "caselog.month", "pk": 3, "fields": {"name": "March"}}, {"model": "caselog.month", "pk": 4, "fields": {"name": "April"}}, {"model": "caselog.month", "pk": 5, "fields": {"name": "May"}}, {"model": "caselog.month", "pk": 6, "fields": {"name": "June"}}, {"model": "caselog.gender", "pk": 1, "fields": {"name": "Male"}}, {"model": "caselog.gender", "pk": 2, "fields": {"name": "Female"}}, {"model": "caselog.nationality", "pk": 1, "fields": {"name": "Syria"}}, {"model": "caselog.nationality", "pk": 2, "fields": {"name": "Sudan"}}, {"model": "caselog.nationality", "pk": 3, "fields": {"name": "Ethiopia"}}, {"model": "caselog.nationality", "pk": 4, "fields": {"name": "Iraq"}}, {"model": "caselog.nationality", "pk": 5, "fields": {"name": "S. Sudan"}}, {"model": "caselog.nationality", "pk": 6, "fields": {"name": "Somalia"}}, {"model": "caselog.nationality", "pk": 7, "fields": {"name": "Eritrea"}}, {"model": "caselog.nationality", "pk": 8, "fields": {"name": "Syria"}}, {"model": "caselog.nationality", "pk": 9, "fields": {"name": "Yemen"}}, {"model": "caselog.nationality", "pk": 10, "fields": {"name": "Comoros"}}, {"model": "caselog.nationality", "pk": 11, "fields": {"name": "Cameron"}}, {"model": "caselog.casetype", "pk": 1, "fields": {"name": "Family"}}, {"model": "caselog.casetype", "pk": 2, "fields": {"name": "Individual"}}, {"model": "caselog.psworker", "pk": 1, "fields": {"fullname": "Ahmed Alrajeh", "age": 33, "gender": 1, "nationality": 1}}, {"model": "caselog.psworker", "pk": 2, "fields": {"fullname": "Maha Osman", "age": 35, "gender": 2, "nationality": 2}}, {"model": "caselog.case", "pk": 2, "fields": {"filenum": "940-19C00001", "psworkers": [1]}}, {"model": "caselog.case", "pk": 4, "fields": {"filenum": "940-19C00002", "psworkers": [1]}}, {"model": "caselog.case", "pk": 20, "fields": {"filenum": "940-19C00003", "psworkers": []}}, {"model": "caselog.case", "pk": 21, "fields": {"filenum": "940-19C00004", "psworkers": []}}, {"model": "caselog.case", "pk": 22, "fields": {"filenum": "940-19C00004", "psworkers": []}}, {"model": "caselog.case", "pk": 23, "fields": {"filenum": "940-19C00004", "psworkers": []}}, {"model": "caselog.indirectbenef", "pk": 1, "fields": {"fullname": "Shaimaa", "age": 21, "gender": 2, "nationality": 1, "case": 2}}, {"model": "caselog.indirectbenef", "pk": 2, "fields": {"fullname": "Esraa", "age": 17, "gender": 2, "nationality": 1, "case": 2}}, {"model": "caselog.indirectbenef", "pk": 3, "fields": {"fullname": "Sara Ahmed", "age": 1, "gender": 2, "nationality": 1, "case": 4}}, {"model": "caselog.logentry", "pk": 1, "fields": {"month": 1, "case": 2, "casestatus": 1, "casetype": 1, "dfullname": "Mervat Hakim", "dage": 50, "dgender": 2, "dnationality": 1}}, {"model": "caselog.logentry", "pk": 2, "fields": {"month": 1, "case": 4, "casestatus": 1, "casetype": 1, "dfullname": "Ahmed Nour", "dage": 29, "dgender": 1, "dnationality": 1}}, {"model": "caselog.logentry", "pk": 3, "fields": {"month": 1, "case": 20, "casestatus": 1, "casetype": 1, "dfullname": "Amira Abdellatief", "dage": 34, "dgender": 2, "dnationality": 2}}, {"model": "caselog.logentry", "pk": 4, "fields": {"month": 2, "case": 2, "casestatus": 2, "casetype": 1, "dfullname": "Mervat Hakim", "dage": 50, "dgender": 2, "dnationality": 1}}, {"model": "caselog.logentry", "pk": 5, "fields": {"month": 2, "case": 4, "casestatus": 2, "casetype": 1, "dfullname": "Ahmed Nour", "dage": 29, "dgender": 1, "dnationality": 1}}, {"model": "caselog.logentry", "pk": 6, "fields": {"month": 2, "case": 20, "casestatus": 2, "casetype": 1, "dfullname": "Amira Abdellatief", "dage": 34, "dgender": 2, "dnationality": 2}}, {"model": "caselog.logentry", "pk": 7, "fields": {"month": 3, "case": 2, "casestatus": 1, "casetype": 1, "dfullname": "Mervat Hakim", "dage": 50, "dgender": 2, "dnationality": 1}}, {"model": "caselog.logentry", "pk": 8, "fields": {"month": 3, "case": 4, "casestatus": 1, "casetype": 1, "dfullname": "Ahmed Nour", "dage": 29, "dgender": 1, "dnationality": 1}}, {"model": "caselog.logentry", "pk": 9, "fields": {"month": 3, "case": 20, "casestatus": 1, "casetype": 1, "dfullname": "Amira Abdellatief", "dage": 34, "dgender": 2, "dnationality": 2}}, {"model": "caselog.logentry", "pk": 10, "fields": {"month": 1, "case": 23, "casestatus": 2, "casetype": 2, "dfullname": "Saad Ahmed", "dage": 2, "dgender": 1, "dnationality": 3}}, {"model": "admin.logentry", "pk": 1, "fields": {"action_time": "2021-04-02T10:48:50.086Z", "user": 1, "content_type": 3, "object_id": "1", "object_repr": "DirectBenef object (1)", "action_flag": 1, "change_message": "[{\"added\": {}}]"}}, {"model": "admin.logentry", "pk": 2, "fields": {"action_time": "2021-04-02T10:52:43.520Z", "user": 1, "content_type": 8, "object_id": "1", "object_repr": "Shaimaa", "action_flag": 1, "change_message": "[{\"added\": {}}]"}}, {"model": "admin.logentry", "pk": 3, "fields": {"action_time": "2021-04-02T10:53:15.058Z", "user": 1, "content_type": 8, "object_id": "2", "object_repr": "Esraa", "action_flag": 1, "change_message": "[{\"added\": {}}]"}}, {"model": "admin.logentry", "pk": 4, "fields": {"action_time": "2021-04-02T10:53:38.628Z", "user": 1, "content_type": 7, "object_id": "2", "object_repr": "Case object (2)", "action_flag": 1, "change_message": "[{\"added\": {}}]"}}, {"model": "admin.logentry", "pk": 5, "fields": {"action_time": "2021-04-02T11:53:37.661Z", "user": 1, "content_type": 3, "object_id": "2", "object_repr": "Ahmed Nour", "action_flag": 1, "change_message": "[{\"added\": {}}]"}}, {"model": "admin.logentry", "pk": 6, "fields": {"action_time": "2021-04-02T11:54:16.728Z", "user": 1, "content_type": 8, "object_id": "3", "object_repr": "Sara Ahmed", "action_flag": 1, "change_message": "[{\"added\": {}}]"}}, {"model": "admin.logentry", "pk": 7, "fields": {"action_time": "2021-04-02T12:05:01.040Z", "user": 1, "content_type": 7, "object_id": "4", "object_repr": "Case object (4)", "action_flag": 1, "change_message": "[{\"added\": {}}]"}}, {"model": "auth.permission", "pk": 1, "fields": {"name": "Can add ps worker", "content_type": 1, "codename": "add_psworker"}}, {"model": "auth.permission", "pk": 2, "fields": {"name": "Can change ps worker", "content_type": 1, "codename": "change_psworker"}}, {"model": "auth.permission", "pk": 3, "fields": {"name": "Can delete ps worker", "content_type": 1, "codename": "delete_psworker"}}, {"model": "auth.permission", "pk": 4, "fields": {"name": "Can view ps worker", "content_type": 1, "codename": "view_psworker"}}, {"model": "auth.permission", "pk": 5, "fields": {"name": "Can add case status", "content_type": 2, "codename": "add_casestatus"}}, {"model": "auth.permission", "pk": 6, "fields": {"name": "Can change case status", "content_type": 2, "codename": "change_casestatus"}}, {"model": "auth.permission", "pk": 7, "fields": {"name": "Can delete case status", "content_type": 2, "codename": "delete_casestatus"}}, {"model": "auth.permission", "pk": 8, "fields": {"name": "Can view case status", "content_type": 2, "codename": "view_casestatus"}}, {"model": "auth.permission", "pk": 9, "fields": {"name": "Can add direct benef", "content_type": 3, "codename": "add_directbenef"}}, {"model": "auth.permission", "pk": 10, "fields": {"name": "Can change direct benef", "content_type": 3, "codename": "change_directbenef"}}, {"model": "auth.permission", "pk": 11, "fields": {"name": "Can delete direct benef", "content_type": 3, "codename": "delete_directbenef"}}, {"model": "auth.permission", "pk": 12, "fields": {"name": "Can view direct benef", "content_type": 3, "codename": "view_directbenef"}}, {"model": "auth.permission", "pk": 13, "fields": {"name": "Can add file num", "content_type": 4, "codename": "add_filenum"}}, {"model": "auth.permission", "pk": 14, "fields": {"name": "Can change file num", "content_type": 4, "codename": "change_filenum"}}, {"model": "auth.permission", "pk": 15, "fields": {"name": "Can delete file num", "content_type": 4, "codename": "delete_filenum"}}, {"model": "auth.permission", "pk": 16, "fields": {"name": "Can view file num", "content_type": 4, "codename": "view_filenum"}}, {"model": "auth.permission", "pk": 17, "fields": {"name": "Can add gender", "content_type": 5, "codename": "add_gender"}}, {"model": "auth.permission", "pk": 18, "fields": {"name": "Can change gender", "content_type": 5, "codename": "change_gender"}}, {"model": "auth.permission", "pk": 19, "fields": {"name": "Can delete gender", "content_type": 5, "codename": "delete_gender"}}, {"model": "auth.permission", "pk": 20, "fields": {"name": "Can view gender", "content_type": 5, "codename": "view_gender"}}, {"model": "auth.permission", "pk": 21, "fields": {"name": "Can add nationality", "content_type": 6, "codename": "add_nationality"}}, {"model": "auth.permission", "pk": 22, "fields": {"name": "Can change nationality", "content_type": 6, "codename": "change_nationality"}}, {"model": "auth.permission", "pk": 23, "fields": {"name": "Can delete nationality", "content_type": 6, "codename": "delete_nationality"}}, {"model": "auth.permission", "pk": 24, "fields": {"name": "Can view nationality", "content_type": 6, "codename": "view_nationality"}}, {"model": "auth.permission", "pk": 25, "fields": {"name": "Can add case", "content_type": 7, "codename": "add_case"}}, {"model": "auth.permission", "pk": 26, "fields": {"name": "Can change case", "content_type": 7, "codename": "change_case"}}, {"model": "auth.permission", "pk": 27, "fields": {"name": "Can delete case", "content_type": 7, "codename": "delete_case"}}, {"model": "auth.permission", "pk": 28, "fields": {"name": "Can view case", "content_type": 7, "codename": "view_case"}}, {"model": "auth.permission", "pk": 29, "fields": {"name": "Can add indirect benef", "content_type": 8, "codename": "add_indirectbenef"}}, {"model": "auth.permission", "pk": 30, "fields": {"name": "Can change indirect benef", "content_type": 8, "codename": "change_indirectbenef"}}, {"model": "auth.permission", "pk": 31, "fields": {"name": "Can delete indirect benef", "content_type": 8, "codename": "delete_indirectbenef"}}, {"model": "auth.permission", "pk": 32, "fields": {"name": "Can view indirect benef", "content_type": 8, "codename": "view_indirectbenef"}}, {"model": "auth.permission", "pk": 33, "fields": {"name": "Can add month", "content_type": 9, "codename": "add_month"}}, {"model": "auth.permission", "pk": 34, "fields": {"name": "Can change month", "content_type": 9, "codename": "change_month"}}, {"model": "auth.permission", "pk": 35, "fields": {"name": "Can delete month", "content_type": 9, "codename": "delete_month"}}, {"model": "auth.permission", "pk": 36, "fields": {"name": "Can view month", "content_type": 9, "codename": "view_month"}}, {"model": "auth.permission", "pk": 37, "fields": {"name": "Can add log entry", "content_type": 10, "codename": "add_logentry"}}, {"model": "auth.permission", "pk": 38, "fields": {"name": "Can change log entry", "content_type": 10, "codename": "change_logentry"}}, {"model": "auth.permission", "pk": 39, "fields": {"name": "Can delete log entry", "content_type": 10, "codename": "delete_logentry"}}, {"model": "auth.permission", "pk": 40, "fields": {"name": "Can view log entry", "content_type": 10, "codename": "view_logentry"}}, {"model": "auth.permission", "pk": 41, "fields": {"name": "Can add permission", "content_type": 11, "codename": "add_permission"}}, {"model": "auth.permission", "pk": 42, "fields": {"name": "Can change permission", "content_type": 11, "codename": "change_permission"}}, {"model": "auth.permission", "pk": 43, "fields": {"name": "Can delete permission", "content_type": 11, "codename": "delete_permission"}}, {"model": "auth.permission", "pk": 44, "fields": {"name": "Can view permission", "content_type": 11, "codename": "view_permission"}}, {"model": "auth.permission", "pk": 45, "fields": {"name": "Can add group", "content_type": 12, "codename": "add_group"}}, {"model": "auth.permission", "pk": 46, "fields": {"name": "Can change group", "content_type": 12, "codename": "change_group"}}, {"model": "auth.permission", "pk": 47, "fields": {"name": "Can delete group", "content_type": 12, "codename": "delete_group"}}, {"model": "auth.permission", "pk": 48, "fields": {"name": "Can view group", "content_type": 12, "codename": "view_group"}}, {"model": "auth.permission", "pk": 49, "fields": {"name": "Can add user", "content_type": 13, "codename": "add_user"}}, {"model": "auth.permission", "pk": 50, "fields": {"name": "Can change user", "content_type": 13, "codename": "change_user"}}, {"model": "auth.permission", "pk": 51, "fields": {"name": "Can delete user", "content_type": 13, "codename": "delete_user"}}, {"model": "auth.permission", "pk": 52, "fields": {"name": "Can view user", "content_type": 13, "codename": "view_user"}}, {"model": "auth.permission", "pk": 53, "fields": {"name": "Can add content type", "content_type": 14, "codename": "add_contenttype"}}, {"model": "auth.permission", "pk": 54, "fields": {"name": "Can change content type", "content_type": 14, "codename": "change_contenttype"}}, {"model": "auth.permission", "pk": 55, "fields": {"name": "Can delete content type", "content_type": 14, "codename": "delete_contenttype"}}, {"model": "auth.permission", "pk": 56, "fields": {"name": "Can view content type", "content_type": 14, "codename": "view_contenttype"}}, {"model": "auth.permission", "pk": 57, "fields": {"name": "Can add session", "content_type": 15, "codename": "add_session"}}, {"model": "auth.permission", "pk": 58, "fields": {"name": "Can change session", "content_type": 15, "codename": "change_session"}}, {"model": "auth.permission", "pk": 59, "fields": {"name": "Can delete session", "content_type": 15, "codename": "delete_session"}}, {"model": "auth.permission", "pk": 60, "fields": {"name": "Can view session", "content_type": 15, "codename": "view_session"}}, {"model": "auth.permission", "pk": 61, "fields": {"name": "Can add case type", "content_type": 16, "codename": "add_casetype"}}, {"model": "auth.permission", "pk": 62, "fields": {"name": "Can change case type", "content_type": 16, "codename": "change_casetype"}}, {"model": "auth.permission", "pk": 63, "fields": {"name": "Can delete case type", "content_type": 16, "codename": "delete_casetype"}}, {"model": "auth.permission", "pk": 64, "fields": {"name": "Can view case type", "content_type": 16, "codename": "view_casetype"}}, {"model": "auth.permission", "pk": 65, "fields": {"name": "Can add month log", "content_type": 17, "codename": "add_monthlog"}}, {"model": "auth.permission", "pk": 66, "fields": {"name": "Can change month log", "content_type": 17, "codename": "change_monthlog"}}, {"model": "auth.permission", "pk": 67, "fields": {"name": "Can delete month log", "content_type": 17, "codename": "delete_monthlog"}}, {"model": "auth.permission", "pk": 68, "fields": {"name": "Can view month log", "content_type": 17, "codename": "view_monthlog"}}, {"model": "auth.permission", "pk": 69, "fields": {"name": "Can add log entry", "content_type": 17, "codename": "add_logentry"}}, {"model": "auth.permission", "pk": 70, "fields": {"name": "Can change log entry", "content_type": 17, "codename": "change_logentry"}}, {"model": "auth.permission", "pk": 71, "fields": {"name": "Can delete log entry", "content_type": 17, "codename": "delete_logentry"}}, {"model": "auth.permission", "pk": 72, "fields": {"name": "Can view log entry", "content_type": 17, "codename": "view_logentry"}}, {"model": "auth.user", "pk": 1, "fields": {"password": "pbkdf2_sha256$216000$OPp5V0WQcS07$PEv0v0vZtyajaUgoFtRSng3aANNc8/b9OSqTcfrlRPM=", "last_login": "2021-04-02T00:13:21.229Z", "is_superuser": true, "username": "mohamed", "first_name": "", "last_name": "", "email": "", "is_staff": true, "is_active": true, "date_joined": "2021-04-02T00:12:59.119Z", "groups": [], "user_permissions": []}}, {"model": "contenttypes.contenttype", "pk": 1, "fields": {"app_label": "caselog", "model": "psworker"}}, {"model": "contenttypes.contenttype", "pk": 2, "fields": {"app_label": "caselog", "model": "casestatus"}}, {"model": "contenttypes.contenttype", "pk": 3, "fields": {"app_label": "caselog", "model": "directbenef"}}, {"model": "contenttypes.contenttype", "pk": 4, "fields": {"app_label": "caselog", "model": "filenum"}}, {"model": "contenttypes.contenttype", "pk": 5, "fields": {"app_label": "caselog", "model": "gender"}}, {"model": "contenttypes.contenttype", "pk": 6, "fields": {"app_label": "caselog", "model": "nationality"}}, {"model": "contenttypes.contenttype", "pk": 7, "fields": {"app_label": "caselog", "model": "case"}}, {"model": "contenttypes.contenttype", "pk": 8, "fields": {"app_label": "caselog", "model": "indirectbenef"}}, {"model": "contenttypes.contenttype", "pk": 9, "fields": {"app_label": "caselog", "model": "month"}}, {"model": "contenttypes.contenttype", "pk": 10, "fields": {"app_label": "admin", "model": "logentry"}}, {"model": "contenttypes.contenttype", "pk": 11, "fields": {"app_label": "auth", "model": "permission"}}, {"model": "contenttypes.contenttype", "pk": 12, "fields": {"app_label": "auth", "model": "group"}}, {"model": "contenttypes.contenttype", "pk": 13, "fields": {"app_label": "auth", "model": "user"}}, {"model": "contenttypes.contenttype", "pk": 14, "fields": {"app_label": "contenttypes", "model": "contenttype"}}, {"model": "contenttypes.contenttype", "pk": 15, "fields": {"app_label": "sessions", "model": "session"}}, {"model": "contenttypes.contenttype", "pk": 16, "fields": {"app_label": "caselog", "model": "casetype"}}, {"model": "contenttypes.contenttype", "pk": 17, "fields": {"app_label": "caselog", "model": "logentry"}}, {"model": "sessions.session", "pk": "xjg4heu2ujkvsoofqkqkpugpx7ptnkkt", "fields": {"session_data": ".eJxVjEEOwiAQAP_C2ZAuZZF69N43NNtlkaqBpLQn49-VpAe9zkzmpSbatzTtVdZpCeqiQJ1-2Uz8kNxEuFO-Fc0lb-sy65bow1Y9liDP69H-DRLV1LZndmCMABMK9w4H75AtmC9lYuyM68EaS2KjszEC-gE7L9EikEdR7w-7pTbb:1lS7RB:iNIYA6LR3cW0GaKw0V_dJXqU1v2IDPSKc_rYhzKoZQk", "expire_date": "2021-04-16T00:13:21.622Z"}}]